sector,problem,description,demand_score,keywords,suggested_technologies,lebanon_relevance
Healthcare,Manual clinic appointment scheduling,Lebanese clinics still rely on phone calls and paper for booking appointments causing long wait times and no-shows,92,"hospital,clinic,appointment,scheduling,booking,patient,doctor,medical",Python with ML and REST API or React with Node.js,Critical — healthcare system is overstretched
Healthcare,Lack of telemedicine infrastructure,Rural Lebanese areas have limited access to specialist doctors and rely on costly trips to Beirut,90,"telemedicine,remote,video,consultation,doctor,rural,specialist",WebRTC with React and Node.js,Critical — geography and road conditions make access hard
Healthcare,Inefficient medical record management,Patient records are fragmented across hospitals and clinics with no unified system,88,"medical records,EHR,patient data,history,doctor,hospital",RESTful API with PostgreSQL,High — data silos cause misdiagnosis
Education,Lack of personalised learning tools,Lebanese university students receive one-size-fits-all education with no adaptive learning paths,88,"education,learning,adaptive,student,quiz,curriculum,lms,course",Python with ML and React,High — universities are expanding online offerings
Education,Student FYP guidance gap,Final year project students lack structured guidance on idea selection and planning,85,"fyp,project,idea,supervisor,student,research,guidance",Python with NLP and REST API,High — large CS student population
Education,Limited academic analytics for institutions,Universities lack data-driven insights to improve programmes and reduce dropout rates,80,"analytics,student,performance,dropout,grades,institution,dashboard",Python with Pandas and Plotly,Medium — institutions are starting to invest in EdTech
NGOs,Volunteer coordination inefficiency,Lebanese NGOs struggle to match volunteers with relevant tasks and manage their schedules,82,"volunteer,ngo,coordination,charity,relief,matching,schedule",Django with PostgreSQL,High — NGO sector is large after 2019 crisis
NGOs,Donation tracking transparency,Donors want to see how their contributions are being used in real time,80,"donation,ngo,transparency,charity,funds,tracking",Blockchain with React,High — trust issues after financial crisis
Banking,Slow digital onboarding for SME loans,Lebanese banks process SME loan applications manually causing delays of weeks,85,"loan,credit,bank,sme,fintech,application,assessment",Python with ML and Flask,Critical — SMEs are backbone of Lebanese economy
Banking,Currency exchange rate tracking,Lebanese citizens need real-time tracking of LBP/USD exchange rates and alternatives,88,"currency,exchange,lbp,usd,fintech,rate,tracking",React with financial APIs,Critical — dual-currency economy since 2019
FinTech,Mobile payment adoption barriers,Lebanese businesses and consumers lack accessible digital payment solutions,90,"payment,mobile,wallet,digital,fintech,transaction,qr code",React Native with Node.js,Critical — cash economy is a major problem
FinTech,Micro-lending for small businesses,Small Lebanese businesses cannot access credit due to lack of credit history,84,"microloan,credit,lending,fintech,sme,assessment,small business",Python with ML,High — many informal businesses
Restaurants,Order management and kitchen coordination,Lebanese restaurants manage orders on paper causing delays and errors,88,"restaurant,order,kitchen,pos,food,delivery,management",React with Node.js and WebSocket,High — vibrant restaurant culture
Delivery,Last-mile delivery tracking,Customers cannot track their deliveries in real time across Lebanon,86,"delivery,logistics,tracking,last mile,courier,route,package",React Native with Maps API,High — delivery boom post-COVID
E-Commerce,Lebanese SME online presence,Most Lebanese small businesses have no online storefront and rely on Instagram,90,"ecommerce,store,product,retail,sme,online,catalogue",React with Node.js and PostgreSQL,Critical — informal digital commerce is huge
Fashion,Personalised clothing recommendation,Lebanese fashion consumers want personalised styling suggestions online,78,"fashion,style,clothing,recommendation,outfit,retail,personal",Python with Collaborative Filtering,Medium — growing fashion e-commerce market
Real Estate,Fragmented property listings,Property listings in Lebanon are scattered across WhatsApp groups and informal websites,85,"real estate,property,apartment,rent,buy,listing,search",React with Node.js and Maps API,High — housing is a major concern
Real Estate,Property valuation transparency,Property prices in Lebanon vary widely with no transparent valuation system,82,"property,valuation,price,real estate,appraisal,transparency",Python with ML,High — post-crisis property market instability
Tourism,Personalised Lebanese tourism itineraries,Tourists have no intelligent guide to Lebanese cultural and nature attractions,80,"tourism,itinerary,attraction,recommendation,travel,guide,lebanon",Python with Recommendation Engine,Medium — recovering tourism sector
Tourism,Language barrier for foreign tourists,Foreign tourists struggle to navigate Lebanon due to language barriers,75,"tourism,translation,language,arabic,guide,chatbot,multilingual",Python with NLP and Transformers,Medium — tourism dependent on language access
Logistics,Fleet management for delivery companies,Lebanese delivery companies manage fleets manually without route optimisation,84,"logistics,fleet,route,optimisation,delivery,tracking,vehicle",Python with OR tools and Maps API,High — logistics boom
Agriculture,Crop monitoring for Lebanese farmers,Lebanese farmers lack affordable tools to monitor soil conditions and crop health,80,"agriculture,crop,soil,monitoring,iot,sensor,farm,irrigation",IoT with Python and MQTT,High — agriculture sector faces crisis
Agriculture,Agricultural market price forecasting,Farmers cannot predict market prices and often sell at a loss,78,"agriculture,price,market,forecast,vegetables,food,farmer",Python with ML and Data Analysis,High — food security issue in Lebanon
